<!-- Copyright 2002-2011 MarkLogic Corporation.  All Rights Reserved. -->
<?xml-stylesheet href="/cpf/pipelines.css" type="text/css"?>
<pipeline xmlns="http://marklogic.com/cpf/pipelines"
          xmlns:xsi="http://www.w3.org/2001/XMLSchema-instance"
          xsi:schemaLocation="http://marklogic.com/cpf/pipelines pipelines.xsd"
>
  <pipeline-name>Meta Pipeline</pipeline-name>
  <pipeline-description>Convert HTML meta fields to elements named for the meta/@name attribute
  </pipeline-description>

  <success-action>
    <module>/MarkLogic/cpf/actions/success-action.xqy</module>
  </success-action>
  <failure-action>
    <module>/MarkLogic/cpf/actions/failure-action.xqy</module>
  </failure-action>

  <!-- Status transitions handled mostly by status transition pipeline -->

  <state-transition>
    <annotation>
    Filter the document.
    </annotation>
    <state>http://marklogic.com/states/initial</state>
    <on-success>http://marklogic.com/states/custom/meta</on-success>
    <on-failure>http://marklogic.com/states/error</on-failure>
    <priority>8800</priority>
    <execute>
      <condition>
        <module>/MarkLogic/cpf/actions/mimetype-condition.xqy</module>
        <options xmlns="/MarkLogic/cpf/actions/mimetype-condition.xqy">
          <mime-type>application/xhtml+xml</mime-type>
        </options>
      </condition>
      <action>
        <module>/ingest/transform-meta.xqy</module>
        <options xmlns="http://davidcassel.net/mldev/meta">
        </options>
      </action>
    </execute>
  </state-transition>

  <!-- States converted and error are not handled here -->
</pipeline>
